{"name":"testing","description":"test","Occasion":"test","metatag":"test","Awarded_by":"Pankaj Singh","Awarded_to":"Jaivignesh R","Type_of_Award":"\u0001","Message":"We are Fanatical about our clients & staff","Voice_memo":"test","Video":"test","Reward_Value":"2000.0","Corporate_id":"466","Corporate_Name":"Rewards-Demo","Tradeable":"no","Platform_fees":"0.001","Gas_fees":"0.0008","Transaction_fees":"0.0005","file_uri":"https:\/\/advantageclub.space\/ipfs-api\/files\/37917050temp-nft20221227-1641-waogld.jpeg","image_base32":"bafybeifxzndmthrk57mwmdluro6t4xct2fs4njgzrcxy7t24tis6p7ueoa","img_CID":"Qmai76aaz89iSgYKeJhpUzEw6daTjhj5quoEno3ta2zP9q","img_url1":"https:\/\/bafybeifxzndmthrk57mwmdluro6t4xct2fs4njgzrcxy7t24tis6p7ueoa.ipfs.dweb.link\/","img_url2":"https:\/\/cloudflare-ipfs.com\/ipfs\/bafybeifxzndmthrk57mwmdluro6t4xct2fs4njgzrcxy7t24tis6p7ueoa"}