{"name":"test modify","description":"test1","Occasion":"test1","metatag":"test","Awarded_by":"test","Awarded_to":"test","Type_of_Award":"test","Message":"test","Voice_memo":"test","Video":"test","Reward_Value":"10","Corporate_id":"1","Corporate_Name":"Trice Work","Tradeable":"yes","Platform_fees":"0.001","Gas_fees":"0.0008","Transaction_fees":"0.0005","file_uri":"https:\/\/advantageclub.space\/ipfs-api\/files\/12851635125975-15350210.jpg","image_base32":"bafybeifvs6wao3wf7wx22l5o5xblyigbasc45dobwnf3ja32ippnuwlpja","img_CID":"QmaZWeCyf1BW72hWaWHRKXKaPv6eXVGPR5BKfazyYggK6w","img_url1":"https:\/\/bafybeifvs6wao3wf7wx22l5o5xblyigbasc45dobwnf3ja32ippnuwlpja.ipfs.dweb.link\/","img_url2":"https:\/\/cloudflare-ipfs.com\/ipfs\/bafybeifvs6wao3wf7wx22l5o5xblyigbasc45dobwnf3ja32ippnuwlpja"}