{"name":"testing","description":"test","Occasion":"test","metatag":"test","Awarded_by":"admin","Awarded_to":"Test","Type_of_Award":"\u0001","Message":"Team members who demonstrate efficiency and effectiveness during the first 6-8 months of joining.","Voice_memo":"test","Video":"test","Reward_Value":"0.0","Corporate_id":"466","Corporate_Name":"Rewards-Demo","Tradeable":"no","Platform_fees":"0.001","Gas_fees":"0.0008","Transaction_fees":"0.0005","file_uri":"https:\/\/advantageclub.space\/ipfs-api\/files\/58187713temp-nft20221223-5614-1k7ycc9.jpg","image_base32":"bafybeif5herwiwz2rmhqezqacri2doozlin75m7nes3dmehk6vgc3mklqu","img_CID":"Qmb5JJDxgJBac2VXpg7NT8ntDmFgxUsHTrLgZ2nyTDtUdS","img_url1":"https:\/\/bafybeif5herwiwz2rmhqezqacri2doozlin75m7nes3dmehk6vgc3mklqu.ipfs.dweb.link\/","img_url2":"https:\/\/cloudflare-ipfs.com\/ipfs\/bafybeif5herwiwz2rmhqezqacri2doozlin75m7nes3dmehk6vgc3mklqu"}