{"name":"test modify","description":"test1","Occasion":"test1","metatag":"test","Awarded_by":"test","Awarded_to":"test","Type_of_Award":"test","Message":"test","Voice_memo":"test","Video":"test","Reward_Value":"10","Corporate_id":"1","Corporate_Name":"test","Tradeable":"yes","Platform_fees":"0.001","Gas_fees":"0.0008","Transaction_fees":"0.0005","file_uri":"https:\/\/advantageclub.space\/ipfs-api\/files\/99536178images (2).jpg","image_base32":"bafybeigcgeqazops4oc4drzsopmf2k2r3j2wev52wlhimc6ak4igsxdyhy","img_CID":"QmbQhFRV5Gfd5rCZ1gZKPknjKot9cHPCKkc8WipoiLRj8q","img_url1":"https:\/\/bafybeigcgeqazops4oc4drzsopmf2k2r3j2wev52wlhimc6ak4igsxdyhy.ipfs.dweb.link\/","img_url2":"https:\/\/cloudflare-ipfs.com\/ipfs\/bafybeigcgeqazops4oc4drzsopmf2k2r3j2wev52wlhimc6ak4igsxdyhy"}