{"name":"test","description":"test","Occasion":"test","metatag":"test","Awarded_by":"test","Awarded_to":"test","Type_of_Award":"test","Message":"test","Voice_memo":"test","Video":"test","Reward_Value":"10","Corporate_id":"1","Corporate_Name":"test","Tradeable":"yes","Platform_fees":"0.001","Gas_fees":"0.0008","Transaction_fees":"0.0005","file_uri":"https:\/\/advantageclub.space\/ipfs-api\/files\/33604736close.png","image_base32":"bafybeigclun5bqpsfmnwgswbu4vc2e2vamsqvpia6b2uh54ekcnl4ar7da","img_CID":"QmbRN9aNoJa546enGT2R9pd9RzQzAAkxu1TpekJx2MJvuM","img_url1":"https:\/\/bafybeigclun5bqpsfmnwgswbu4vc2e2vamsqvpia6b2uh54ekcnl4ar7da.ipfs.dweb.link\/","img_url2":"https:\/\/cloudflare-ipfs.com\/ipfs\/bafybeigclun5bqpsfmnwgswbu4vc2e2vamsqvpia6b2uh54ekcnl4ar7da"}