{"name":"test","description":"test","Occasion":"test","metatag":"test","Awarded_by":"test","Awarded_to":"test","Type_of_Award":"test","Message":"test","Voice_memo":"test","Video":"test","Reward_Value":"10","Corporate_id":"1","Corporate_Name":"test","Tradeable":"yes","Platform_fees":"0.001","Gas_fees":"0.0008","Transaction_fees":"0.0005","file_uri":"https:\/\/advantageclub.space\/ipfs-api\/files\/76261097images (1).jpg","image_base32":"bafybeiglyl3dzbbsa3ywpuw7z6xgqo4fsbjxje3nllhsg5cap7te2tirka","img_CID":"Qmc43u1FFUY2iEbct15LVcRpMS7hhMJxaLqHvZmDLHkKhZ","img_url1":"https:\/\/bafybeiglyl3dzbbsa3ywpuw7z6xgqo4fsbjxje3nllhsg5cap7te2tirka.ipfs.dweb.link\/","img_url2":"https:\/\/cloudflare-ipfs.com\/ipfs\/bafybeiglyl3dzbbsa3ywpuw7z6xgqo4fsbjxje3nllhsg5cap7te2tirka"}