{"name":"testing","description":"test","Occasion":"test","metatag":"test","Awarded_by":"Pankaj Singh","Awarded_to":"Jaivignesh R","Type_of_Award":"\u0001","Message":"We are Fanatical about our clients & staff","Voice_memo":"test","Video":"test","Reward_Value":"2000.0","Corporate_id":"466","Corporate_Name":"Rewards-Demo","Tradeable":"no","Platform_fees":"0.001","Gas_fees":"0.0008","Transaction_fees":"0.0005","file_uri":"https:\/\/advantageclub.space\/ipfs-api\/files\/31675325temp-nft20221227-1541-egakj3.jpeg","image_base32":"bafybeigoc77nxxp3fhjp5t6c7lvoyy6tkgbwuhev3nj3imvfuphhbspst4","img_CID":"QmcD9v9EGyqNszoTBpybEApACHKLstuurxQTqMtRim9qHY","img_url1":"https:\/\/bafybeigoc77nxxp3fhjp5t6c7lvoyy6tkgbwuhev3nj3imvfuphhbspst4.ipfs.dweb.link\/","img_url2":"https:\/\/cloudflare-ipfs.com\/ipfs\/bafybeigoc77nxxp3fhjp5t6c7lvoyy6tkgbwuhev3nj3imvfuphhbspst4"}