{"name":"testingac12","description":"test","Occasion":"test","metatag":"test","Awarded_by":"test","Awarded_to":"test","Type_of_Award":"test","Message":"test","Voice_memo":"test","Video":"test","Reward_Value":"10","Corporate_id":"1","Corporate_Name":"test","Tradeable":"yes","Platform_fees":"0.001","Gas_fees":"0.0008","Transaction_fees":"0.0005","file_uri":"https:\/\/advantageclub.space\/ipfs-api\/files\/9819941976a2b444e8.jpeg","image_base32":"bafybeigvg3i4ud4xztmreelh5wykw4mio2rcg6l3joi2j3gdbtngrdhu5q","img_CID":"Qmcgx2oDJTQdBtdhPQrGAZWhCx9AbqzQi9Eow6H5AzwFs1","img_url1":"https:\/\/bafybeigvg3i4ud4xztmreelh5wykw4mio2rcg6l3joi2j3gdbtngrdhu5q.ipfs.dweb.link\/","img_url2":"https:\/\/cloudflare-ipfs.com\/ipfs\/bafybeigvg3i4ud4xztmreelh5wykw4mio2rcg6l3joi2j3gdbtngrdhu5q"}