{"name":"Test_NFT_AFL_2022_12_13_V1","description":"Test Award","Occasion":"AFL","metatag":"test","Awarded_by":"Advantage Club","Awarded_to":"Saurabh","Type_of_Award":"AFL Winner","Message":"Test message","Voice_memo":"video","Video":"video","Reward_Value":"10","Corporate_id":"703","Corporate_Name":"Advantage CLub","Tradeable":"no","Platform_fees":"0.001","Gas_fees":"0.0008","Transaction_fees":"0.0005","file_uri":"https:\/\/advantageclub.space\/ipfs-api\/files\/98894626image (4).png","image_base32":"bafybeig2jbnbgrys4xfiwpuqwdih5yuoouuro6k6cfl3mzwxxahcrqsbte","img_CID":"Qmd2jaMutBmC8FAZyc8YoKsCpB6e74gxi6jKu78bbEMkLG","img_url1":"https:\/\/bafybeig2jbnbgrys4xfiwpuqwdih5yuoouuro6k6cfl3mzwxxahcrqsbte.ipfs.dweb.link\/","img_url2":"https:\/\/cloudflare-ipfs.com\/ipfs\/bafybeig2jbnbgrys4xfiwpuqwdih5yuoouuro6k6cfl3mzwxxahcrqsbte"}