{"name":"test","description":"test","Occasion":"test","metatag":"test","Awarded_by":"test","Awarded_to":"test","Type_of_Award":"test","Message":"test","Voice_memo":"test","Video":"test","Reward_Value":"10","Corporate_id":"1","Corporate_Name":"test","Tradeable":"yes","Platform_fees":"0.001","Gas_fees":"0.0008","Transaction_fees":"0.0005","file_uri":"https:\/\/advantageclub.space\/ipfs-api\/files\/812399680009.jpg","image_base32":"bafybeig2ireiht45zoykeql2v2sceb7abm5khjdhtyjoxhveebrp456u5u","img_CID":"Qmd2fyfH2oCWWa5Y8Pa2DuA2ZUCupukQdgNZHaNhT3Qknx","img_url1":"https:\/\/bafybeig2ireiht45zoykeql2v2sceb7abm5khjdhtyjoxhveebrp456u5u.ipfs.dweb.link\/","img_url2":"https:\/\/cloudflare-ipfs.com\/ipfs\/bafybeig2ireiht45zoykeql2v2sceb7abm5khjdhtyjoxhveebrp456u5u"}