{"name":"testingac12","description":"test","Occasion":"test","metatag":"test","Awarded_by":"test","Awarded_to":"test","Type_of_Award":"test","Message":"test","Voice_memo":"test","Video":"test","Reward_Value":"10","Corporate_id":"1","Corporate_Name":"test","Tradeable":"yes","Platform_fees":"0.001","Gas_fees":"0.0008","Transaction_fees":"0.0005","file_uri":"https:\/\/advantageclub.space\/ipfs-api\/files\/4970675221c0d8296e.jpeg","image_base32":"bafybeiheegtmsoq5ix4qdrjs5gmspv7wcnmhpi22j72ijbldhmmxb4mo4a","img_CID":"QmdhBRfxkYSkEKX3CaV9316MxBPkRsJGKdafRiNm2sc76o","img_url1":"https:\/\/bafybeiheegtmsoq5ix4qdrjs5gmspv7wcnmhpi22j72ijbldhmmxb4mo4a.ipfs.dweb.link\/","img_url2":"https:\/\/cloudflare-ipfs.com\/ipfs\/bafybeiheegtmsoq5ix4qdrjs5gmspv7wcnmhpi22j72ijbldhmmxb4mo4a"}