{"name":"testing_ac","description":"test","Occasion":"test","metatag":"test","Awarded_by":"Pankaj Singh","Awarded_to":"Jaivignesh R","Type_of_Award":"\u0001","Message":"We are Fanatical about our clients & staff","Voice_memo":"test","Video":"test","Reward_Value":"2000.0","Corporate_id":"466","Corporate_Name":"Rewards-Demo","Tradeable":"no","Platform_fees":"0.001","Gas_fees":"0.0008","Transaction_fees":"0.0005","file_uri":"https:\/\/advantageclub.space\/ipfs-api\/files\/71753733temp-nft20221226-32255-4jute4.jpeg","image_base32":"bafybeihtx37omz3cuh6xcpb4k456ts7vdoxndp2mvgtjlvfyzx4dfn27uu","img_CID":"Qmek8hRBs3Caqb8iqBVpZ1M9drvjnKDs867Ls1s9C3JASG","img_url1":"https:\/\/bafybeihtx37omz3cuh6xcpb4k456ts7vdoxndp2mvgtjlvfyzx4dfn27uu.ipfs.dweb.link\/","img_url2":"https:\/\/cloudflare-ipfs.com\/ipfs\/bafybeihtx37omz3cuh6xcpb4k456ts7vdoxndp2mvgtjlvfyzx4dfn27uu"}