{"name":"testing123","description":"test","Occasion":"test","metatag":"test","Awarded_by":"test","Awarded_to":"test","Type_of_Award":"test","Message":"test","Voice_memo":"test","Video":"test","Reward_Value":"10","Corporate_id":"1","Corporate_Name":"test","Tradeable":"yes","Platform_fees":"0.001","Gas_fees":"0.0008","Transaction_fees":"0.0005","file_uri":"https:\/\/advantageclub.space\/ipfs-api\/files\/564446430004.jpg","image_base32":"bafybeihpzu4xckbpoxb4f5odzcztrytbpvtrqhzsus2ojv5mpg7izrykma","img_CID":"QmeUjehW511TnHiyiif3pbwsjncyrCvTTrrzyw84HRf2j9","img_url1":"https:\/\/bafybeihpzu4xckbpoxb4f5odzcztrytbpvtrqhzsus2ojv5mpg7izrykma.ipfs.dweb.link\/","img_url2":"https:\/\/cloudflare-ipfs.com\/ipfs\/bafybeihpzu4xckbpoxb4f5odzcztrytbpvtrqhzsus2ojv5mpg7izrykma"}