{"name":"test","description":"test","Occasion":"test","metatag":"test","Awarded_by":"test","Awarded_to":"test","Type_of_Award":"test","Message":"test","Voice_memo":"test","Video":"test","Reward_Value":"10","Corporate_id":"1","Corporate_Name":"test","Tradeable":"yes","Platform_fees":"0.001","Gas_fees":"0.0008","Transaction_fees":"0.0005","file_uri":"https:\/\/advantageclub.space\/ipfs-api\/files\/905911621246280_16061017110043391702.jpg","image_base32":"bafybeihxab4j6lrtnsiw6vbgoh3slmf454ocm37q3gmruzxiqxv2aqtwru","img_CID":"QmexqpxHvTCSn8HorvcyGax7Nc7yokYcDTdSvpKf2Hofkg","img_url1":"https:\/\/bafybeihxab4j6lrtnsiw6vbgoh3slmf454ocm37q3gmruzxiqxv2aqtwru.ipfs.dweb.link\/","img_url2":"https:\/\/cloudflare-ipfs.com\/ipfs\/bafybeihxab4j6lrtnsiw6vbgoh3slmf454ocm37q3gmruzxiqxv2aqtwru"}