{"name":"test","description":"test","Occasion":"test","metatag":"test","Awarded_by":"test","Awarded_to":"test","Type_of_Award":"test","Message":"test","Voice_memo":"test","Video":"test","Reward_Value":"10","Corporate_id":"1","Corporate_Name":"test","Tradeable":"yes","Platform_fees":"0.001","Gas_fees":"0.0008","Transaction_fees":"0.0005","file_uri":"https:\/\/advantageclub.space\/ipfs-api\/files\/831109741.jpeg","image_base32":"bafybeiajgjixoaohnogsjkrshiwg3ialdir4ewliwmf6hezs6yympyvfb4","img_CID":"QmNxYt2HQgE6R6aYtAUCK9BuJJ4ooKobarj1vutQUna52n","img_url1":"https:\/\/bafybeiajgjixoaohnogsjkrshiwg3ialdir4ewliwmf6hezs6yympyvfb4.ipfs.dweb.link\/","img_url2":"https:\/\/cloudflare-ipfs.com\/ipfs\/bafybeiajgjixoaohnogsjkrshiwg3ialdir4ewliwmf6hezs6yympyvfb4"}