{"name":"test","description":"test","Occasion":"test","metatag":"test","Awarded_by":"test","Awarded_to":"test","Type_of_Award":"test","Message":"test","Voice_memo":"test","Video":"test","Reward_Value":"10","Corporate_id":"1","Corporate_Name":"test","Tradeable":"yes","Platform_fees":"0.001","Gas_fees":"0.0008","Transaction_fees":"0.0005","file_uri":"https:\/\/advantageclub.space\/ipfs-api\/files\/36011605images (3).jpg","image_base32":"bafybeiadnj6q5a7um4uv3sxxhc2p4w45w6ucnn4dxqaisaqeajkwrgtqqi","img_CID":"QmNZz7Rggkj3zPkLNYyyMvxnNHkb2zKd7o6hpZSG4hX1Ah","img_url1":"https:\/\/bafybeiadnj6q5a7um4uv3sxxhc2p4w45w6ucnn4dxqaisaqeajkwrgtqqi.ipfs.dweb.link\/","img_url2":"https:\/\/cloudflare-ipfs.com\/ipfs\/bafybeiadnj6q5a7um4uv3sxxhc2p4w45w6ucnn4dxqaisaqeajkwrgtqqi"}