{"name":"testing123","description":"test","Occasion":"test","metatag":"test","Awarded_by":"test","Awarded_to":"test","Type_of_Award":"test","Message":"test","Voice_memo":"test","Video":"test","Reward_Value":"10","Corporate_id":"1","Corporate_Name":"test","Tradeable":"yes","Platform_fees":"0.001","Gas_fees":"0.0008","Transaction_fees":"0.0005","file_uri":"https:\/\/advantageclub.space\/ipfs-api\/files\/692077300002.jpg","image_base32":"bafybeiavxzvazsqq2noxxlaqi2fowsgdgrqvsehdqmdfmo6xjje4e4gpkm","img_CID":"QmPoXg5MgLoMgaCztcUnVeK7iG2naVs19CwXALBvphYq86","img_url1":"https:\/\/bafybeiavxzvazsqq2noxxlaqi2fowsgdgrqvsehdqmdfmo6xjje4e4gpkm.ipfs.dweb.link\/","img_url2":"https:\/\/cloudflare-ipfs.com\/ipfs\/bafybeiavxzvazsqq2noxxlaqi2fowsgdgrqvsehdqmdfmo6xjje4e4gpkm"}