{"name":"testingac12","description":"test","Occasion":"test","metatag":"test","Awarded_by":"test","Awarded_to":"test","Type_of_Award":"test","Message":"test","Voice_memo":"test","Video":"test","Reward_Value":"10","Corporate_id":"1","Corporate_Name":"test","Tradeable":"yes","Platform_fees":"0.001","Gas_fees":"0.0008","Transaction_fees":"0.0005","file_uri":"https:\/\/advantageclub.space\/ipfs-api\/files\/64578731536de832ab.jpeg","image_base32":"bafybeiaxkpseg7ceidy2r52upc5747b2a2ohnzzruxgbbdrdqieyvewn5m","img_CID":"QmPuiHEqMa3kpc6teKzW5n3YYj7hPKs1eocwBvNVPEbHdc","img_url1":"https:\/\/bafybeiaxkpseg7ceidy2r52upc5747b2a2ohnzzruxgbbdrdqieyvewn5m.ipfs.dweb.link\/","img_url2":"https:\/\/cloudflare-ipfs.com\/ipfs\/bafybeiaxkpseg7ceidy2r52upc5747b2a2ohnzzruxgbbdrdqieyvewn5m"}