{"name":"test","description":"test","Occasion":"test","metatag":"test","Awarded_by":"test","Awarded_to":"test","Type_of_Award":"test","Message":"test","Voice_memo":"test","Video":"test","Reward_Value":"10","Corporate_id":"1","Corporate_Name":"test","Tradeable":"yes","Platform_fees":"0.001","Gas_fees":"0.0008","Transaction_fees":"0.0005","file_uri":"https:\/\/advantageclub.space\/ipfs-api\/files\/44953145afl.png","image_base32":"bafybeiayjuufmqdxaztdene5smuapn2mfw4x35tm4znrilel7rnuwqtysy","img_CID":"QmPyWjTUvu6EZ9ug5qr3vRNqXxntomLkgeuvizP8RgF6oP","img_url1":"https:\/\/bafybeiayjuufmqdxaztdene5smuapn2mfw4x35tm4znrilel7rnuwqtysy.ipfs.dweb.link\/","img_url2":"https:\/\/cloudflare-ipfs.com\/ipfs\/bafybeiayjuufmqdxaztdene5smuapn2mfw4x35tm4znrilel7rnuwqtysy"}