{"name":"testing","description":"test","Occasion":"test","metatag":"test","Awarded_by":"Pankaj Singh","Awarded_to":"Jaivignesh R","Type_of_Award":"\u0001","Message":"We are Fanatical about our clients & staff","Voice_memo":"test","Video":"test","Reward_Value":"2000.0","Corporate_id":"466","Corporate_Name":"Rewards-Demo","Tradeable":"no","Platform_fees":"0.001","Gas_fees":"0.0008","Transaction_fees":"0.0005","file_uri":"https:\/\/advantageclub.space\/ipfs-api\/files\/48600371temp-nft20221227-1641-1x360x6.jpeg","image_base32":"bafybeibng6ax5353f24vnwuxog7v7fwtppehldbuhu7mxsy4t4jsflog5u","img_CID":"QmRPA9Q1FXbpr4MSx51r6nDX9MEEuaj7eXq9PWw3cGbzrp","img_url1":"https:\/\/bafybeibng6ax5353f24vnwuxog7v7fwtppehldbuhu7mxsy4t4jsflog5u.ipfs.dweb.link\/","img_url2":"https:\/\/cloudflare-ipfs.com\/ipfs\/bafybeibng6ax5353f24vnwuxog7v7fwtppehldbuhu7mxsy4t4jsflog5u"}