{"name":"afl_winner_nft_SA_2022_12_26_V2","description":"NFT of AFL Winner","Occasion":"AFL","metatag":"test","Awarded_by":"test","Awarded_to":"test","Type_of_Award":"test","Message":"Congratulations","Voice_memo":"test","Video":"test","Reward_Value":"10","Corporate_id":"703","Corporate_Name":"Advantage Club","Tradeable":"yes","Platform_fees":"0.001","Gas_fees":"0.0008","Transaction_fees":"0.0005","file_uri":"https:\/\/advantageclub.space\/ipfs-api\/files\/94426509Frame 48095740.png","image_base32":"bafybeib2mi2baxok6ytnl2qgygvhyjyr6f5vzvusieuys7wi2eujdj5hcm","img_CID":"QmSGZCzX8P4X7wVYP8aCQfL41gTL3PA1fBGkN9E5PT8XXQ","img_url1":"https:\/\/bafybeib2mi2baxok6ytnl2qgygvhyjyr6f5vzvusieuys7wi2eujdj5hcm.ipfs.dweb.link\/","img_url2":"https:\/\/cloudflare-ipfs.com\/ipfs\/bafybeib2mi2baxok6ytnl2qgygvhyjyr6f5vzvusieuys7wi2eujdj5hcm"}