{"name":"testing","description":"test","Occasion":"test","metatag":"test","Awarded_by":"N SURYA KUMAR .","Awarded_to":"LOGANATHAN T A .","Type_of_Award":"\u0001","Message":"We have High integrity with Exemplary Character","Voice_memo":"test","Video":"test","Reward_Value":"500.0","Corporate_id":"466","Corporate_Name":"Rewards-Demo","Tradeable":"no","Platform_fees":"0.001","Gas_fees":"0.0008","Transaction_fees":"0.0005","file_uri":"https:\/\/advantageclub.space\/ipfs-api\/files\/61519860temp-nft20221227-2251-fkolyx.jpeg","image_base32":"bafybeic5pqzetv3rrk54pg2ym4rpprdd3nepl4kktlo3x4q7vav2px3nli","img_CID":"QmUdaTwpqWTCa41AFTQNRADrCUQ4BPZ1q7GSpjUFfWxAgR","img_url1":"https:\/\/bafybeic5pqzetv3rrk54pg2ym4rpprdd3nepl4kktlo3x4q7vav2px3nli.ipfs.dweb.link\/","img_url2":"https:\/\/cloudflare-ipfs.com\/ipfs\/bafybeic5pqzetv3rrk54pg2ym4rpprdd3nepl4kktlo3x4q7vav2px3nli"}