{"name":"testing 123","description":"test","Occasion":"test","metatag":"test","Awarded_by":"test","Awarded_to":"test","Type_of_Award":"test","Message":"test","Voice_memo":"test","Video":"test","Reward_Value":"10","Corporate_id":"1","Corporate_Name":"test","Tradeable":"yes","Platform_fees":"0.001","Gas_fees":"0.0008","Transaction_fees":"0.0005","file_uri":"https:\/\/advantageclub.space\/ipfs-api\/files\/64503810aclogo.png","image_base32":"bafybeic6itevknzj5riz4ikp4hkw3i2734gkyftpka3jwsezx5unyzs2pu","img_CID":"QmUgdsJwSsUH6sKaiofsQQtWmp8iFRmWbhPyJHChSYGv3n","img_url1":"https:\/\/bafybeic6itevknzj5riz4ikp4hkw3i2734gkyftpka3jwsezx5unyzs2pu.ipfs.dweb.link\/","img_url2":"https:\/\/cloudflare-ipfs.com\/ipfs\/bafybeic6itevknzj5riz4ikp4hkw3i2734gkyftpka3jwsezx5unyzs2pu"}