{"name":"one_man_army_nft_sj_2022_12_23","description":"test","Occasion":"test","metatag":"test","Awarded_by":"test","Awarded_to":"test","Type_of_Award":"test","Message":"test","Voice_memo":"test","Video":"test","Reward_Value":"10","Corporate_id":"703","Corporate_Name":"Advantage Club","Tradeable":"yes","Platform_fees":"0.001","Gas_fees":"0.0008","Transaction_fees":"0.0005","file_uri":"https:\/\/advantageclub.space\/ipfs-api\/files\/99978112Frame 48095736.png","image_base32":"bafybeic233v4b5zzurmdqf4fkcxm2hbi7viuc3sgsq2l7d5kgjrt3soizi","img_CID":"QmUTNZ8La4S5HBQw3RAdfcyvTmvkqxx8mNMd3g9HiUfTXP","img_url1":"https:\/\/bafybeic233v4b5zzurmdqf4fkcxm2hbi7viuc3sgsq2l7d5kgjrt3soizi.ipfs.dweb.link\/","img_url2":"https:\/\/cloudflare-ipfs.com\/ipfs\/bafybeic233v4b5zzurmdqf4fkcxm2hbi7viuc3sgsq2l7d5kgjrt3soizi"}