{"name":"test","description":"test","Occasion":"test","metatag":"test","Awarded_by":"test","Awarded_to":"test","Type_of_Award":"test","Message":"test","Voice_memo":"test","Video":"test","Reward_Value":"10","Corporate_id":"1","Corporate_Name":"test","Tradeable":"yes","Platform_fees":"0.001","Gas_fees":"0.0008","Transaction_fees":"0.0005","file_uri":"https:\/\/advantageclub.space\/ipfs-api\/files\/31837534afl_match.png","image_base32":"bafybeidsgm3ljg7gerorzqx6ey2fbflb45c7p47t5drg6zcqmfkqmkb264","img_CID":"QmW2SUqSMf72VUiygPc1NtSseczwoEKwq1p7D2Sg85W55Q","img_url1":"https:\/\/bafybeidsgm3ljg7gerorzqx6ey2fbflb45c7p47t5drg6zcqmfkqmkb264.ipfs.dweb.link\/","img_url2":"https:\/\/cloudflare-ipfs.com\/ipfs\/bafybeidsgm3ljg7gerorzqx6ey2fbflb45c7p47t5drg6zcqmfkqmkb264"}