{"name":"testing","description":"test","Occasion":"test","metatag":"test","Awarded_by":"Pankaj Singh","Awarded_to":"Jaivignesh R","Type_of_Award":"\u0001","Message":"We are Fanatical about our clients & staff","Voice_memo":"test","Video":"test","Reward_Value":"2000.0","Corporate_id":"466","Corporate_Name":"Rewards-Demo","Tradeable":"no","Platform_fees":"0.001","Gas_fees":"0.0008","Transaction_fees":"0.0005","file_uri":"https:\/\/advantageclub.space\/ipfs-api\/files\/97455308temp-nft20221227-1641-3yzydt.jpeg","image_base32":"bafybeidutqnmmczzvoxh6kzftlitz2ahwep3aoxwyslfavikojeq57agfe","img_CID":"QmWBr4ZNaUY73ris65zNJe45m5QwmH7jvuWKB4S37HpASc","img_url1":"https:\/\/bafybeidutqnmmczzvoxh6kzftlitz2ahwep3aoxwyslfavikojeq57agfe.ipfs.dweb.link\/","img_url2":"https:\/\/cloudflare-ipfs.com\/ipfs\/bafybeidutqnmmczzvoxh6kzftlitz2ahwep3aoxwyslfavikojeq57agfe"}