{"name":"Test_NFT_AFL_2022_12_14_V2","description":"Test Award","Occasion":"AFL","metatag":"test","Awarded_by":"Advantage Club","Awarded_to":"Saurabh","Type_of_Award":"AFL Winner","Message":"Test message","Voice_memo":"video","Video":"video","Reward_Value":"10","Corporate_id":"703","Corporate_Name":"Advantage CLub","Tradeable":"no","Platform_fees":"0.001","Gas_fees":"0.0008","Transaction_fees":"0.0005","file_uri":"https:\/\/advantageclub.space\/ipfs-api\/files\/72551002AC_Logo_Unit.png","image_base32":"bafybeid6noucdszxu2g25d34acilb7v2sbjfqjru5tvjjyevj5g6mcpvdq","img_CID":"QmWr9HsM6U8DmE9hd6nMDRyL6Xc3KBBkb8suPWBZxkN3Lo","img_url1":"https:\/\/bafybeid6noucdszxu2g25d34acilb7v2sbjfqjru5tvjjyevj5g6mcpvdq.ipfs.dweb.link\/","img_url2":"https:\/\/cloudflare-ipfs.com\/ipfs\/bafybeid6noucdszxu2g25d34acilb7v2sbjfqjru5tvjjyevj5g6mcpvdq"}