{"name":"tested_by_SJ_2022_12_26_V4","description":"test","Occasion":"test","metatag":"test","Awarded_by":"test","Awarded_to":"test","Type_of_Award":"test","Message":"test","Voice_memo":"test","Video":"test","Reward_Value":"10","Corporate_id":"703","Corporate_Name":"Advantage Club","Tradeable":"yes","Platform_fees":"0.001","Gas_fees":"0.0008","Transaction_fees":"0.0005","file_uri":"https:\/\/advantageclub.space\/ipfs-api\/files\/90416969Pop Up Banner.png","image_base32":"bafybeid77txi2723kfhptw5icbbr7lej3fljqo6nukc5lghmekjecqupz4","img_CID":"QmWxGBUMKdHLfAFRWfa9bwjumkSDHbendYwaaHynCqomUr","img_url1":"https:\/\/bafybeid77txi2723kfhptw5icbbr7lej3fljqo6nukc5lghmekjecqupz4.ipfs.dweb.link\/","img_url2":"https:\/\/cloudflare-ipfs.com\/ipfs\/bafybeid77txi2723kfhptw5icbbr7lej3fljqo6nukc5lghmekjecqupz4"}