{"name":"test","description":"test","Occasion":"test","metatag":"test","Awarded_by":"test","Awarded_to":"test","Type_of_Award":"test","Message":"test","Voice_memo":"test","Video":"test","Reward_Value":"10","Corporate_id":"1","Corporate_Name":"test","Tradeable":"yes","Platform_fees":"0.001","Gas_fees":"0.0008","Transaction_fees":"0.0005","file_uri":"https:\/\/advantageclub.space\/ipfs-api\/files\/32828998afl.gif","image_base32":"bafybeied2ipronytymueaxiqm5s5pyg5dgp6s5fzacxkirmkgyohzelj2m","img_CID":"QmXDDx5Tfoku9pcfDA5GnzGRDXrBrT7BEvXwRSoDLJQtmg","img_url1":"https:\/\/bafybeied2ipronytymueaxiqm5s5pyg5dgp6s5fzacxkirmkgyohzelj2m.ipfs.dweb.link\/","img_url2":"https:\/\/cloudflare-ipfs.com\/ipfs\/bafybeied2ipronytymueaxiqm5s5pyg5dgp6s5fzacxkirmkgyohzelj2m"}