{"name":"test","description":"test","Occasion":"test","metatag":"test","Awarded_by":"test","Awarded_to":"test","Type_of_Award":"test","Message":"test","Voice_memo":"test","Video":"test","Reward_Value":"10","Corporate_id":"1","Corporate_Name":"test","Tradeable":"yes","Platform_fees":"0.001","Gas_fees":"0.0008","Transaction_fees":"0.0005","file_uri":"https:\/\/advantageclub.space\/ipfs-api\/files\/99452471Screenshot 2022-12-13 at 4.23.03 PM.png","image_base32":"bafybeieffi2v6iizrwdezp7iyychrweghwebaoeql65hzkccxwgecuch4i","img_CID":"QmXJUGC6e8cw6d3DfEQLWWur2hWMNT1LjEHo6dnFX6J3gD","img_url1":"https:\/\/bafybeieffi2v6iizrwdezp7iyychrweghwebaoeql65hzkccxwgecuch4i.ipfs.dweb.link\/","img_url2":"https:\/\/cloudflare-ipfs.com\/ipfs\/bafybeieffi2v6iizrwdezp7iyychrweghwebaoeql65hzkccxwgecuch4i"}