{"name":"MintedbySarthak_v1","description":"test","Occasion":"test","metatag":"test","Awarded_by":"test","Awarded_to":"test","Type_of_Award":"Appreciation","Message":"This a test NFT Minting on 09-Dec-2022","Voice_memo":"test","Video":"test","Reward_Value":"10","Corporate_id":"1","Corporate_Name":"test","Tradeable":"yes","Platform_fees":"0.001","Gas_fees":"0.0008","Transaction_fees":"0.0005","file_uri":"https:\/\/advantageclub.space\/ipfs-api\/files\/14781264TP - L&D.png","image_base32":"bafybeiewchp4lt4fkjhbl7ehvs7ixcabw3rlhdnu3yvv4lizptcuvy7hgu","img_CID":"QmYSTfwPcgg9g3GWZP7ad6LySX9THj7Mw9qoxk3pfGo1W4","img_url1":"https:\/\/bafybeiewchp4lt4fkjhbl7ehvs7ixcabw3rlhdnu3yvv4lizptcuvy7hgu.ipfs.dweb.link\/","img_url2":"https:\/\/cloudflare-ipfs.com\/ipfs\/bafybeiewchp4lt4fkjhbl7ehvs7ixcabw3rlhdnu3yvv4lizptcuvy7hgu"}