{"name":"test","description":"test","Occasion":"test","metatag":"test","Awarded_by":"test","Awarded_to":"test","Type_of_Award":"test","Message":"test","Voice_memo":"test","Video":"test","Reward_Value":"10","Corporate_id":"1","Corporate_Name":"test","Tradeable":"yes","Platform_fees":"0.001","Gas_fees":"0.0008","Transaction_fees":"0.0005","file_uri":"https:\/\/advantageclub.space\/ipfs-api\/files\/2804930724f4548b22.png","image_base32":"bafybeifbt4hy7cliogwcboee5dh3rinjghdw5bf3bohj263sdw2faiyxrq","img_CID":"QmZDZ2HmEV8LVsByeHK4rrQztHNnEgq97CCTeWdvs6vdQo","img_url1":"https:\/\/bafybeifbt4hy7cliogwcboee5dh3rinjghdw5bf3bohj263sdw2faiyxrq.ipfs.dweb.link\/","img_url2":"https:\/\/cloudflare-ipfs.com\/ipfs\/bafybeifbt4hy7cliogwcboee5dh3rinjghdw5bf3bohj263sdw2faiyxrq"}