{"name":"testing123","description":"test","Occasion":"test","metatag":"test","Awarded_by":"test","Awarded_to":"test","Type_of_Award":"test","Message":"test","Voice_memo":"test","Video":"test","Reward_Value":"10","Corporate_id":"1","Corporate_Name":"test","Tradeable":"yes","Platform_fees":"0.001","Gas_fees":"0.0008","Transaction_fees":"0.0005","file_uri":"https:\/\/advantageclub.space\/ipfs-api\/files\/34897722acc3.png","image_base32":"bafybeifh7563cwlywhkfotzj4nizo6hg35ngcqojyasttf6jmh554hwfay","img_CID":"QmZeSkbxfxRz5ML1YATRVRD6PKrs4YZppTzHZgJoR5VwX3","img_url1":"https:\/\/bafybeifh7563cwlywhkfotzj4nizo6hg35ngcqojyasttf6jmh554hwfay.ipfs.dweb.link\/","img_url2":"https:\/\/cloudflare-ipfs.com\/ipfs\/bafybeifh7563cwlywhkfotzj4nizo6hg35ngcqojyasttf6jmh554hwfay"}