{"name":"testing","description":"test","Occasion":"test","metatag":"test","Awarded_by":"admin","Awarded_to":"Test","Type_of_Award":"\u0001","Message":"Team members who demonstrate efficiency and effectiveness during the first 6-8 months of joining.","Voice_memo":"test","Video":"test","Reward_Value":"0.0","Corporate_id":"466","Corporate_Name":"Rewards-Demo","Tradeable":"no","Platform_fees":"0.001","Gas_fees":"0.0008","Transaction_fees":"0.0005","file_uri":"https:\/\/advantageclub.space\/ipfs-api\/files\/17658509temp-nft20221227-7326-16wenfy.jpeg","image_base32":"bafybeifjk6nner4ea7zisvmahxt5tbs3p7yb3c37h26cjgef4smxcma3va","img_CID":"QmZjh66BP3VrLKqsqLE5gHqXkzED3JqMTdt3L71X3RYNf1","img_url1":"https:\/\/bafybeifjk6nner4ea7zisvmahxt5tbs3p7yb3c37h26cjgef4smxcma3va.ipfs.dweb.link\/","img_url2":"https:\/\/cloudflare-ipfs.com\/ipfs\/bafybeifjk6nner4ea7zisvmahxt5tbs3p7yb3c37h26cjgef4smxcma3va"}