{"name":"test","description":"test","Occasion":"test","metatag":"test","Awarded_by":"test","Awarded_to":"test","Type_of_Award":"test","Message":"test","Voice_memo":"test","Video":"test","Reward_Value":"10","Corporate_id":"1","Corporate_Name":"test","Tradeable":"yes","Platform_fees":"0.001","Gas_fees":"0.0008","Transaction_fees":"0.0005","file_uri":"https:\/\/advantageclub.space\/ipfs-api\/files\/61672893TP -EE.png","image_base32":"bafybeifgwqt6hnntntatapnm6n35h3xjnm2zqpav47bzapa6ravzm4memu","img_CID":"QmZZPibtgpWPbEDK6CqhKPqLZa1wqYH7rzMoMzA1crj87E","img_url1":"https:\/\/bafybeifgwqt6hnntntatapnm6n35h3xjnm2zqpav47bzapa6ravzm4memu.ipfs.dweb.link\/","img_url2":"https:\/\/cloudflare-ipfs.com\/ipfs\/bafybeifgwqt6hnntntatapnm6n35h3xjnm2zqpav47bzapa6ravzm4memu"}